<odoo>
    <data noupdate="1">
        <record id="ir_cron_read_sap" model="ir.cron">
            <field name="name">create</field>
            <field name="interval_number">15</field>
            <field name="interval_type">minutes</field>
            <field name="numbercall">-1</field>
            <field name="doall" eval="False"/>
            <field name="model_id" ref="model_cron_sap"/>
            <field name="code">model.create_cust()</field>

            <field name="state">code</field>
        </record>
    </data>
</odoo>
